Method,Average SNR,Min SNR,Max SNR
DBBD-DCT,45.15553018768841,45.15553018768841,45.15553018768841
DBBD-MOD,43.55869957809663,43.55869957809663,43.55869957809663
DBBD-KSVD,41.69064137744632,39.903206945339385,43.46848907353647
DBBD-DCT-KRON,47.53388692521046,47.53388692521046,47.53388692521046
DBBD-MOD-KRON,45.293842240105,45.293842240105,45.293842240105
DBBD-KSVD-KRON,43.0482048021475,38.931658583512025,45.14903498931106
