BLOCK_LEN,Elapsed Time (s),SNR (dB)
16,0.022800207138061523,43.95890278804543
32,0.013597249984741211,45.414791474004936
64,0.00711512565612793,46.089826613707025
128,0.0046460628509521484,46.221434032684
256,0.002895832061767578,46.54552986684869
512,0.003910064697265625,46.682859696883256
1024,0.005262851715087891,46.778011204368866
